FULL_NAME,ALLSTAR
Kareem Abdul-Jabbar,19
Kobe Bryant,18
LeBron James,17
Tim Duncan,15
Kevin Garnett,15
Shaquille O'Neal,15
Michael Jordan,14
Karl Malone,14
Dirk Nowitzki,14
Jerry West,14
Wilt Chamberlain,13
Bob Cousy,13
John Havlicek,13
Dwyane Wade,13
Larry Bird,12
Elvin Hayes,12
Magic Johnson,12
Moses Malone,12
Hakeem Olajuwon,12
Oscar Robertson,12
Bill Russell,12
Dolph Schayes,12
Isiah Thomas,12
Charles Barkley,11
Elgin Baylor,11
Chris Bosh,11
Kevin Durant,11
Julius Erving,11
Patrick Ewing,11
Allen Iverson,11
Chris Paul,11
Bob Pettit,11
Ray Allen,10
Carmelo Anthony,10
Paul Arizin,10
Clyde Drexler,10
Hal Greer,10
Jason Kidd,10
Paul Pierce,10
David Robinson,10
John Stockton,10
George Gervin,9
James Harden,9
Robert Parish,9
Gary Payton,9
Russell Westbrook,9
Lenny Wilkens,9
Dominique Wilkins,9
Rick Barry,8
Vince Carter,8
Dave Cowens,8
Anthony Davis,8
Dave DeBusschere,8
Alex English,8
Larry Foust,8
Dwight Howard,8
Bob Lanier,8
Dikembe Mutombo,8
Steve Nash,8
Bill Sharman,8
LaMarcus Aldridge,7
Dave Bing,7
Stephen Curry,7
Walt Frazier,7
Harry Gallatin,7
Paul George,7
Grant Hill,7
Kyrie Irving,7
Joe Johnson,7
Jerry Lucas,7
Ed Macauley,7
Slater Martin,7
Tracy McGrady,7
Dick McGuire,7
Kevin McHale,7
Alonzo Mourning,7
Scottie Pippen,7
Willis Reed,7
Jack Sikma,7
Nate Thurmond,7
Chet Walker,7
Jojo White,7
James Worthy,7
Nate Archibald,6
Larry Costello,6
Adrian Dantley,6
Walter Davis,6
Joe Dumars,6
Pau Gasol,6
Artis Gilmore,6
Blake Griffin,6
Richie Guerin,6
Tom Heinsohn,6
Bailey Howell,6
Lou Hudson,6
Neil Johnston,6
Shawn Kemp,6
Damian Lillard,6
Kyle Lowry,6
Vern Mikkelsen,6
Jermaine O'Neal,6
Tony Parker,6
Mitch Richmond,6
Amar'e Stoudemire,6
Jack Twyman,6
George Yardley,6
Giannis Antetokounmpo,5
Chauncey Billups,5
Carl Braun,5
Jimmy Butler,5
Brad Daugherty,5
Wayne Embry,5
Tom Gola,5
Gail Goodrich,5
Cliff Hagan,5
Tim Hardaway,5
Al Horford,5
Dennis Johnson,5
Gus Johnson,5
Marques Johnson,5
Sam Jones,5
Rudy LaRusso,5
Kawhi Leonard,5
Kevin Love,5
Pete Maravich,5
Bob McAdoo,5
Reggie Miller,5
Sidney Moncrief,5
Chris Mullin,5
Don Ohl,5
Andy Phillip,5
Gene Shue,5
Klay Thompson,5
Rudy Tomjanovich,5
Wes Unseld,5
John Wall,5
Bobby Wanzer,5
Chris Webber,5
Paul Westphal,5
Vin Baker,4
Walt Bellamy,4
Otis Birdsong,4
Rolando Blackman,4
Tom Chambers,4
Maurice Cheeks,4
Doug Collins,4
DeMarcus Cousins,4
Billy Cunningham,4
Bob Dandridge,4
Bob Davies,4
DeMar DeRozan,4
Joel Embiid,4
Dick Garmaker,4
Johnny Green,4
Anfernee Hardaway,4
Connie Hawkins,4
Spencer Haywood,4
Mel Hutchins,4
Bobby Jones,4
Bernard King,4
Bill Laimbeer,4
Clyde Lovellette,4
Maurice Lucas,4
Shawn Marion,4
George Mikan,4
Paul Millsap,4
Earl Monroe,4
Willie Naulls,4
Jim Pollard,4
Mark Price,4
Micheal Ray Richardson,4
Arnie Risen,4
Alvin Robertson,4
Guy Rodgers,4
Rajon Rondo,4
Ralph Sampson,4
Latrell Sprewell,4
David Thompson,4
Kemba Walker,4
Ben Wallace,4
Rasheed Wallace,4
Sidney Wicks,4
Mark Aguirre,3
Gilbert Arenas,3
Bradley Beal,3
Bill Bridges,3
Phil Chenier,3
Terry Dischinger,3
Steve Francis,3
Marc Gasol,3
Draymond Green,3
Richard Hamilton,3
Kevin Johnson,3
Nikola Jokic,3
Eddie Jones,3
Bob Kauffman,3
Johnny Kerr,3
Bob Love,3
Dan Majerle,3
George McGinnis,3
Jeff Mullins,3
Larry Nance,3
Glen Rice,3
Derrick Rose,3
Dan Roundfield,3
Brandon Roy,3
Detlef Schrempf,3
Charlie Scott,3
Paul Seymour,3
Ben Simmons,3
Peja Stojakovic,3
Maurice Stokes,3
Dick Van Arsdale,3
Tom Van Arsdale,3
Norm Van Lier,3
Antoine Walker,3
Jamaal Wilkes,3
Buck Williams,3
Deron Williams,3
Leo Barnhorst,2
Zelmo Beaty,2
Devin Booker,2
Carlos Boozer,2
Elton Brand,2
Terrell Brandon,2
Frank Brian,2
Caron Butler,2
Joe Caldwell,2
Archie Clark,2
Terry Cummings,2
Baron Davis,2
Luol Deng,2
Luka Doncic,2
John Drew,2
Andre Drummond,2
Kevin Duckworth,2
Walter Dukes,2
Thomas Eddleman,2
Sean Elliott,2
Michael Finley,2
Joe Fulks,2
Jack George,2
Manu Ginobili,2
Rudy Gobert,2
Roy Hibbert,2
Allan Houston,2
Rod Hundley,2
Zydrunas Ilgauskas,2
Antawn Jamison,2
Eddie Johnson,2
John Johnson,2
Larry Johnson,2
Larry Kenon,2
Don Kojis,2
David Lee,2
Lafayette Lever,2
Rashard Lewis,2
Jeff Malone,2
Danny Manning,2
Stephon Marbury,2
Jack Marin,2
Khris Middleton,2
Brad Miller,2
Donovan Mitchell,2
Norm Nixon,2
Joakim Noah,2
Victor Oladipo,2
Jim Paxson,2
Geoff Petrie,2
Terry Porter,2
Zach Randolph,2
Glenn Robinson,2
Truck Robinson,2
Red Rocha,2
Dennis Rodman,2
Jeff Ruland,2
Domantas Sabonis,2
Freddie Scolari,2
Ken Sears,2
Frank Selvy,2
Paul Silas,2
Jerry Sloan,2
Phil Smith,2
Randy Smith,2
Jerry Stackhouse,2
Jayson Tatum,2
Reggie Theus,2
Isaiah Thomas,2
Andrew Toney,2
Karl-Anthony Towns,2
Kelly Tripucka,2
Kiki Vandeweghe,2
Nikola Vucevic,2
Jimmy Walker,2
Bill Walton,2
Scott Wedman,2
David West,2
Gus Williams,2
Brian Winters,2
Shareef Abdur-Rahim,1
Alvan Adams,1
Michael Adams,1
Bam Adebayo,1
Danny Ainge,1
Kenny Anderson,1
B.J. Armstrong,1
Don Barksdale,1
Dick Barnett,1
Dana Barros,1
Butch Beard,1
Ralph Beard,1
Mookie Blaylock,1
John Block,1
Bob Boozer,1
Vince Boryla,1
Bill Bradley,1
Fred Brown,1
Jaylen Brown,1
Don Buse,1
Andrew Bynum,1
Austin Carr,1
Joe Barry Carroll,1
Bill Cartwright,1
Sam Cassell,1
Cedric Ceballos,1
Tyson Chandler,1
Len Chappell,1
Nat Clifton,1
Derrick Coleman,1
Jack Coleman,1
Mike Conley,1
Antonio Davis,1
Dale Davis,1
Vlade Divac,1
James Donaldson,1
Goran Dragic,1
Mark Eaton,1
Dale Ellis,1
Ray Felix,1
Sleepy Floyd,1
World Free,1
Billy Gabor,1
Chris Gatling,1
Danny Granger,1
Horace Grant,1
A.C. Green,1
Rickey Green,1
Alex Groza,1
Tom Gugliotta,1
Devin Harris,1
Bob Harrison,1
Hersey Hawkins,1
Gordon Hayward,1
Walt Hazzard,1
Tyrone Hill,1
Jrue Holiday,1
Lionel Hollins,1
Jeff Hornacek,1
Josh Howard,1
Juwan Howard,1
Andre Iguodala,1
Darrall Imhoff,1
Brandon Ingram,1
Dan Issel,1
Lucious Jackson,1
Mark Jackson,1
Steve Johnson,1
DeAndre Jordan,1
Chris Kaman,1
Jim King,1
Andrei Kirilenko,1
Billy Knight,1
Kyle Korver,1
Sam Lacey,1
Christian Laettner,1
Zach LaVine,1
Clyde Lee,1
Reggie Lewis,1
Brook Lopez,1
Jamaal Magloire,1
Kenyon Martin,1
Jamal Mashburn,1
Anthony Mason,1
Xavier McDaniel,1
Antonio McDyess,1
Jon McGlocklin,1
Tom Meschery,1
Eddie Miles,1
Mike Mitchell,1
Steve Mix,1
Jack Molinas,1
Calvin Murphy,1
Calvin Natt,1
Jameer Nelson,1
Chuck Noble,1
Charles Oakley,1
Mehmet Okur,1
Ricky Pierce,1
Kristaps Porzingis,1
Jim Price,1
Julius Randle,1
Theo Ratliff,1
Michael Redd,1
Richie Regan,1
Doc Rivers,1
Clifford Robinson,1
Flynn Robinson,1
Curtis Rowe,1
Bob Rule,1
Campy Russell,1
Cazzie Russell,1
D'Angelo Russell,1
Woody Sauldsberry,1
Fred Schaus,1
Lee Shaffer,1
Lonnie Shelton,1
Pascal Siakam,1
Adrian Smith,1
Steven Smith,1
Rik Smits,1
John Starks,1
Don Sunderlage,1
Wally Szczerbiak,1
Jeff Teague,1
Otis Thorpe,1
Nick Van Exel,1
Gerald Wallace,1
Paul Walther,1
Kermit Washington,1
Jayson Williams,1
Mo Williams,1
Zion Williamson,1
Kevin Willis,1
Metta World Peace,1
Trae Young,1
Max Zaslofsky,1
